partido;localidad;codigo_postal_manual;nombre establecimiento;sede/axo/ext;ubicacion_manual;cue;nueva_existente;nombre establecimiento a considerar;siglas;tipo de gesti�n;programa escuelas sustentables;direccion_manual;cargo;nombre;apellido;telefono_manual;mail_manual;matricula_2021;latitud_manual;longitud_manual;observaciones;;
Mar Chiquita;General Piran;7172;JARDIN DE INFANTES RURAL Nº1;SEDE;Rural Agrupado;621322;Existente;JARDIN DE INFANTES RURAL Nº1;JIRIMM 1;Pública;Escuela en Tránsito;EP Nº 15 Sección Quintas;Director;Mariana;Walsh;(0223)155407164;jardinrural1marchiquita@abc.gob.ar;18;-37.2702262703;-57.756070656;E5;En la frontera de lo rural y lo urbano.;7172 - 621322 - SEDE
Mar Chiquita;General Piran;7172;"ESCUELA DE EDUCACIÓN PRIMARIA Nº15 ""JUAN BAUTISTA ALBERDI""";SEDE;Rural Agrupado;602187;Existente;"ESCUELA DE EDUCACIÓN PRIMARIA Nº15 ""JUAN BAUTISTA ALBERDI""";EP 15;Pública;Escuela en Tránsito;Sección Quintas. M. Viglietti s/ nº ;Director;Sandra;Muñoz;(02265)15418734;primaria15marchiquita@abc.gob.ar;36;-37.2702262703;-57.756070656;E5;En la frontera de lo rural y lo urbano.;7172 - 602187 - SEDE
Mar Chiquita;General Piran;7172;COLEGIO DON BOSCO;SEDE;Urbano;607985;Existente;COLEGIO DON BOSCO;;Privada;No;Av. Don Bosco s/ nº;;;;(0223) 438-0836;colegiodonboscogeneralpiran@gmail.com;;-37.2746330000;-57.772953000;;;7172 - 607985 - SEDE
Mar Chiquita;General Piran;7172;ESCUELA PRIMARIA DE ADULTOS Nº 703;SEDE;Urbano;CI15;Nueva;ESCUELA PRIMARIA DE ADULTOS Nº 703;EEPA 703;Pública;Escuela en Tránsito;Belgrano 351;Director;Sonia;Molina;(0223)154385889;epa701marchiquita@abc.gob.ar;15;-37.2751156704;-57.775178028;E14;;7172 - CI15 - SEDE
Mar Chiquita;General Piran;7172;ESCUELA DE EDUCACIÓN SECUNDARIA Nº3;SEDE;Urbano;607982;Existente;ESCUELA DE EDUCACIÓN SECUNDARIA Nº3;ES 3;Pública;Escuela en Tránsito;Belgrano 351;Director;Maura;Goñi;(0223)155271158;secundaria3marchiquita@abc.gob.ar;162;-37.2751156704;-57.775178028;E14;;7172 - 607982 - SEDE
Mar Chiquita;General Piran;7172;"JARDIN DE INFANTES Nº902 ""MARIA DEL CARMEN MAZZA""";SEDE;Urbano;607990;Existente;"JARDIN DE INFANTES Nº902 ""MARIA DEL CARMEN MAZZA""";JI 902;Pública;No;Sarmiento nº 352;Director;Jorgelina;Lichardi;(02265)15426360;jardin902marchiquita@abc.gob.ar;160;-37.2753430000;-57.773230000;;;7172 - 607990 - SEDE
Mar Chiquita;General Piran;7172;"ESCUELA DE EDUCACIÓN PRIMARIA Nº5 ""GENERAL JOSE DE SAN MARTIN""";SEDE;Urbano;607984;Existente;"ESCUELA DE EDUCACIÓN PRIMARIA Nº5 ""GENERAL JOSE DE SAN MARTIN""";EP 5;Pública;No;Sarmiento nº 324;Director;Graciela Josefina;Turzo;(02268)15638601;primaria5marchiquita@abc.gob.ar;275;-37.2755570000;-57.773221000;;;7172 - 607984 - SEDE
Mar Chiquita;General Piran;7172;ESCUELA ESPECIAL Nº502;SEDE;Urbano;607991;Existente;ESCUELA ESPECIAL Nº502;EE 502;Pública;Escuela en Tránsito;San Martin nº 168;Director;Viviana;Lichardi;(0223)154396161;especial502marchiquita@abc.gob.ar;11;-37.2756800000;-57.775211000;;;7172 - 607991 - SEDE
Mar Chiquita;General Piran;7172;Centro Educativo de Nivel Secundario para Adultos N° 452 (Sede Piran);SEDE;Urbano;CI20;Nueva;Centro Educativo de Nivel Secundario para Adultos N° 452 (Sede Piran);CENS 452B;Pública;No;Domingo Faustino Sarmiento 324, General Piran;Director;Eugenia;Palozzo;(0223)156030814;cens452marchiquita@abc.gob.ar;54;-37.2757223737;-57.773403009;;;7172 - CI20 - SEDE
Mar Chiquita;General Piran;7172;"ESCUELA DE EDUCACIÓN PRIMARIA Nº4 ""MARIANO MORENO""";SEDE;Rural Disperso;607993;Existente;"ESCUELA DE EDUCACIÓN PRIMARIA Nº4 ""MARIANO MORENO""";EP 4;Pública;Escuela en Tránsito;Pje. El Jaguel;Director;Maricel;Etcheverría;(2265)15426137;primaria4marchiquita@abc.gob.ar;1;-37.3130903429;-57.639461024;;;7172 - 607993 - SEDE
Mar Chiquita;General Piran;7172;JARDIN DE INFANTES RURAL Nº8;SEDE;Rural Disperso;CI23;Nueva;JARDIN DE INFANTES RURAL Nº8;JIRIMM 8;Pública;No;Pje. Loma Verde;MI a/c;Marina;Moor;(0223)155173692;mmoor@abc.gob.ar;;-37.3133803870;-57.921230423;E6;;7172 - CI23 - SEDE
Mar Chiquita;General Piran;7172;"ESCUELA DE EDUCACIÓN PRIMARIA Nº25 ""SALVADOR MARCAIDA""";SEDE;Rural Disperso;602188;Existente;"ESCUELA DE EDUCACIÓN PRIMARIA Nº25 ""SALVADOR MARCAIDA""";EP 25;Pública;Escuela en Tránsito;Pje. Loma Verde;Director;Cintia;Laxalde;(02268)15635763;primaria25marchiquita@abc.gob.ar;3;-37.3133803870;-57.921230423;E6;;7172 - 602188 - SEDE
Mar Chiquita;Coronel Vidal;7174;Centro de Alfabetización Ecologica Quinta Esencia;EXTENSIÓN;Rural Disperso;CI22;Nueva;Centro de Alfabetización Ecologica Quinta Esencia;;Privada;;;Director;Christian;Tiscornia;54 9 3416 41-1659;hola@quintaesencia.org.ar;;-37.4090050150;-57.582569205;;;7174 - CI22 - EXTENSIÓN
Mar Chiquita;Coronel Vidal;7174;"ESCUELA DE EDUCACIÓN PRIMARIA Nº3 ""MANUEL BELGRANO""";SEDE;Rural Disperso;605271;Existente;"ESCUELA DE EDUCACIÓN PRIMARIA Nº3 ""MANUEL BELGRANO""";EP 3;Pública;Escuela en Tránsito;Pje. La Aldea;Director;Mariangel;Mendiola;(0223)154553803;primaria3marchiquita@abc.gob.ar;10;-37.4201076407;-57.775592616;E7;;7174 - 605271 - SEDE
Mar Chiquita;Mar Chiquita;7109;JARDIN DE INFANTES RURAL Nº5;SEDE;Rural Disperso;621140;Existente;JARDIN DE INFANTES RURAL Nº5;JIRIMM 5;Pública;Escuela en Tránsito;EP Nº 3 Pje. La Aldea;Director;Elsa;Gaitán;(0223)155904280;Jardinrural5marchiquita@abc.gob.ar;9;-37.4201076407;-57.775592616;E7;;7109 - 621140 - SEDE
Mar Chiquita;Coronel Vidal;7174;"ESCUELA DE EDUCACIÓN PRIMARIA Nº6 ""FRAY MAMERTO ESQUIU""";SEDE;Rural Disperso;605272;Existente;"ESCUELA DE EDUCACIÓN PRIMARIA Nº6 ""FRAY MAMERTO ESQUIU""";EP 6;Pública;Escuela en Tránsito;Pje. San Esteban. Esquina de Arguas;Director;Vanesa;Carli;(0223)155765804;primaria6marchiquita@abc.gob.ar;3;-37.4306870384;-57.589595529;E8;;7174 - 605272 - SEDE
Mar Chiquita;Coronel Vidal;7174;JARDIN DE INFANTES RURAL Nº3;SEDE;Rural Disperso;620178;Existente;JARDIN DE INFANTES RURAL Nº3;JIRIMM 3;Pública;Escuela en Tránsito;EP Nº 6 Pje. Esq. de Arguas;MI a/c;Patricia;Lezcano;(0223)155299285;jardinrural3marchiquita@abc.gob.ar;2;-37.4306870384;-57.589595529;E8;;7174 - 620178 - SEDE
Mar Chiquita;Coronel Vidal;7174;JARDIN DE INFANTES RURAL Nº4;SEDE;Rural Agrupado;620733;Existente;JARDIN DE INFANTES RURAL Nº4;JIRIMM 4;Pública;Escuela en Tránsito;EP Nº 14 B. Atamiski;MI a/c;Adriana;Barrionuevo;(02265)15418738;jardinrural4marchiquita@abc.gob.ar;13;-37.4399712283;-57.709409394;E9*;En la frontera de lo rural y lo urbano.;7174 - 620733 - SEDE
Mar Chiquita;Coronel Vidal;7174;"ESCUELA DE EDUCACIÓN PRIMARIA Nº14 ""HIPOLITO YRIGOYEN""";SEDE;Rural Agrupado;605278;Existente;"ESCUELA DE EDUCACIÓN PRIMARIA Nº14 ""HIPOLITO YRIGOYEN""";EP 14;Pública;Escuela en Tránsito;Barrio Atamiski;Director;Karina C.;Romiglio;(02268)15632242;primaria14marchiquita@abc.gob.ar;36;-37.4399712283;-57.709409394;E9*;En la frontera de lo rural y lo urbano.;7174 - 605278 - SEDE
Mar Chiquita;Coronel Vidal;7174;CENTRO DE FORMACIÓN LABORAL Nº 401;SEDE;Urbano;CI7;Nueva;CENTRO DE FORMACIÓN LABORAL Nº 401;CFL 401;Pública;Escuela en Tránsito;Sarmiento nº 429;Director;Arturo;López;(0223)155054308;cfl401marchiquita@abc.gob.ar;311;-37.4438036356;-57.724151463;E15;;7174 - CI7 - SEDE
Mar Chiquita;Coronel Vidal;7174;ESCUELA PRIMARIA DE ADULTOS Nº 702;SEDE;Urbano;CI14;Nueva;ESCUELA PRIMARIA DE ADULTOS Nº 702;EEPA 702;Pública;Escuela en Tránsito;Sarmiento 429;Director;Sonia;Molina;(0223)154385889;epa701marchiquita@abc.gob.ar;16;-37.4438036356;-57.724151463;E15;;7174 - CI14 - SEDE
Mar Chiquita;Coronel Vidal;7174;"JARDIN DE INFANTES Nº901 ""LUISA Y. COLALILLO DE D'AMELIO""";SEDE;Urbano;607987;Existente;"JARDIN DE INFANTES Nº901 ""LUISA Y. COLALILLO DE D'AMELIO""";JI 901;Pública;Escuela en Tránsito;San Martin nº 663;Director;Leticia;Rios;(0223)156022809;jardin901marchiquita@abc.gob.ar;154;-37.4446880000;-57.730422000;;;7174 - 607987 - SEDE
Mar Chiquita;Coronel Vidal;7174;CENTRO EDUCACIÓN FÍSICA;SEDE;Urbano;CI10;Nueva;CENTRO EDUCACIÓN FÍSICA;CEF;Pública;No;V. Vergara 450;Director;Alejandra;Manzo;(0223)154262555;cef122marchiquita@abc.gob.ar;507;-37.4452248937;-57.723179847;;;7174 - CI10 - SEDE
Mar Chiquita;Coronel Vidal;7174;CENTRO EDUCATIVO COMPLEMENTARIO Nº 1;SEDE;Urbano;CI12;Nueva;CENTRO EDUCATIVO COMPLEMENTARIO Nº 1;CEC 1;Pública;Escuela en Tránsito;San Martin nº 541;Director;Andrea;Lora;(0223)155443815;cec1marchiquita@abc.gob.ar;90;-37.4454982179;-57.730195898;;;7174 - CI12 - SEDE
Mar Chiquita;Coronel Vidal;7174;INSTITUTO SUPERIOR DE FORMACIÓN DOCENTE Nº 63;SEDE;Urbano;CI11;Nueva;INSTITUTO SUPERIOR DE FORMACIÓN DOCENTE Nº 63;ISFDyT;Pública;No;Beltrami nº 185;Director;Sebastián;Sanabria;(02265)15419157;isfd63marchiquita@abc.gob.ar;331;-37.4456774289;-57.727506102;;;7174 - CI11 - SEDE
Mar Chiquita;Coronel Vidal;7174;ESCUELA PRIMARIA DE ADULTOS Nº 701;SEDE;Urbano;CI13;Nueva;ESCUELA PRIMARIA DE ADULTOS Nº 701;EEPA 701;Pública;Escuela en Tránsito;Gral. Paz 491;Director;Sonia;Molina;(0223)154385888;epa701marchiquita@abc.gob.ar;64;-37.4459645085;-57.728614008;E16;;7174 - CI13 - SEDE
Mar Chiquita;Coronel Vidal;7174;CENTRO DE INVESTIGACIÓN EDUCATIVA PARA DOCENTES;SEDE;Urbano;CI1;Nueva;CENTRO DE INVESTIGACIÓN EDUCATIVA PARA DOCENTES;CIIE;Pública;No;Gral. Paz 469;Director;Marcela;César;(0223)155193361;ciie068@abc.gob.ar;;-37.4461292643;-57.728553819;;;7174 - CI1 - SEDE
Mar Chiquita;Coronel Vidal;7174;CENTRO DE FORMACIÓN LABORAL Nº 402;SEDE;Urbano;CI9;Nueva;CENTRO DE FORMACIÓN LABORAL Nº 402;CFL 402;Pública;Escuela en Tránsito;Belgrano 914;Director;Walter;Wischnivetzky;(02265)15418289;cfl402marchiquita@abc.gob.ar;71;-37.4461460860;-57.731716205;;;7174 - CI9 - SEDE
Mar Chiquita;Coronel Vidal;7174;"ESCUELA DE EDUCACIÓN PRIMARIA Nº1 ""SARMIENTO""";SEDE;Urbano;607983;Existente;"ESCUELA DE EDUCACIÓN PRIMARIA Nº1 ""SARMIENTO""";EP 1;Pública;No;Gral. Paz 491;Director;Patricia Lujan;Gelmini;(0223)155231421;primaria1marchiquita@abc.gob.ar;277;-37.4459645085;-57.728614008;E16;;7174 - 607983 - SEDE
Mar Chiquita;Coronel Vidal;7174;ESCUELA DE EDUCACIÓN SECUNDARIA TÉCNICA Nº1 ;SEDE;Urbano;CI24;Nueva;ESCUELA DE EDUCACIÓN SECUNDARIA TÉCNICA Nº1 ;EST 1;Pública;No participa;Belgrano nº 914;Director;Pablo;Rozas;(0223)155505276;tecnica1marchiquita@abc.gob.ar;151;-37.4466270000;-57.731483000;;;7174 - CI24 - SEDE
Mar Chiquita;Coronel Vidal;7174;COLEGIO SAN MIGUEL;SEDE;Urbano;611763;Existente;COLEGIO SAN MIGUEL;;Privada;Escuela en Tránsito;Mitre 143;Director;"Adriana (Licencia)
Martin Didomenico (Suplente hasta octubre aprox)";Guzman;"(0223)155928126
(0223)154465369";;;-37.4476680000;-57.727200000;;"Dirección: Guzman, Adriana (Licencia)
Martin Didomenico (Suplente hasta octubre aprox)";7174 - 611763 - SEDE
Mar Chiquita;Coronel Vidal;7174;"ESCUELA DE EDUCACIÓN PRIMARIA Nº22 ""CARLOS SAAVEDRA LAMAS""";SEDE;Urbano;607994;Existente;"ESCUELA DE EDUCACIÓN PRIMARIA Nº22 ""CARLOS SAAVEDRA LAMAS""";EP 22;Pública;Escuela en Tránsito;Mariani e Italia;Director;Graciela;Passero;(0223)155180482;primaria22marchiquita@abc.gob.ar;106;-37.4498030000;-57.731746000;;;7174 - 607994 - SEDE
Mar Chiquita;Coronel Vidal;7174;"ESCUELA ESPECIAL Nº501 ""CAMILO FREIJE""";SEDE;Urbano;607988;Existente;"ESCUELA ESPECIAL Nº501 ""CAMILO FREIJE""";EE 501;Pública;No participa;H. Ruau y San Martin;"A cargo 
de 
Dirección";Victoria;Negro;(0223)155415963;especial501marchiquita@abc.gob.ar;53;-37.4518640000;-57.728342000;;Matricula: (más propuesta en inclusión);7174 - 607988 - SEDE
Mar Chiquita;Coronel Vidal;7174;JARDIN DE INFANTES Nº907;SEDE;Urbano;602186;Existente;JARDIN DE INFANTES Nº907;JI 907;Pública;No;Inocencio Mariani 425;Director;Cecilia;Turzo;(0223)5184234;jardin907marchiquita@abc.gob.ar;131;-37.4525880000;-57.730678000;;;7174 - 602186 - SEDE
Mar Chiquita;Coronel Vidal;7174;Centro Educativo de Nivel Secundario para Adultos N° 452 (Sede Vidal);SEDE;Urbano;CI19;Nueva;Centro Educativo de Nivel Secundario para Adultos N° 452 (Sede Vidal);CENS 452A;Pública;No;Zunzunegui y Francia - Vidal;Director;Eugenia;Palozzo;(0223)156030814;cens452marchiquita@abc.gob.ar;"105
54";-37.4580502783;-57.728321767;E10;;7174 - CI19 - SEDE
Mar Chiquita;Coronel Vidal;7174;Centro Educativo de Nivel Secundario para Adultos N° 451 (Sede Vidal);SEDE;Urbano;CI17;Nueva;Centro Educativo de Nivel Secundario para Adultos N° 451 (Sede Vidal);CENS 451A;Pública;No;;Director;Javier;Guaita Rivero;(0223)156881458;cens451marchiquita@abc.gob.ar;"32
43";-37.4579700015;-57.728046788;;;7174 - CI17 - SEDE
Mar Chiquita;Coronel Vidal;7174;ESCUELA DE EDUCACIÓN SECUNDARIA Nº2;SEDE;Rural Disperso;622410;Existente;ESCUELA DE EDUCACIÓN SECUNDARIA Nº2;ES 2;Pública;Escuela en Tránsito;Zunzuneguiy Francia;Director;Germán;Barros;(0223)155956978;secundaria2marchiquita@abc.gob.ar;351;-37.4580502783;-57.728321767;E10;En la frontera de lo rural y lo urbano.;7174 - 622410 - SEDE
Mar Chiquita;Coronel Vidal;7174;"ESCUELA DE EDUCACIÓN PRIMARIA Nº27 ""JOSE MANUEL ESTRADA""";SEDE;Rural Disperso;602189;Existente;"ESCUELA DE EDUCACIÓN PRIMARIA Nº27 ""JOSE MANUEL ESTRADA""";EP 27;Pública;Escuela en Tránsito;Zunzunegui y Francia;Director;Diego A;Romero;(0223)155433999;primaria27marchiquita@abc.gob.ar;61;-37.4580502783;-57.728321767;E10;En la frontera de lo rural y lo urbano.;7174 - 602189 - SEDE
Mar Chiquita;Coronel Vidal;7174;"ESCUELA DE EDUCACIÓN PRIMARIA Nº26 ""ANTONIO CECILIO SAENZ""";SEDE;Rural Agrupado;611761;Existente;"ESCUELA DE EDUCACIÓN PRIMARIA Nº26 ""ANTONIO CECILIO SAENZ""";EP 26;Pública;No;25 de Mayo s/ nº Bº Los Potreros;Director;Silvia;Luciano;(02265) 15407101;primaria26marchiquita@abc.gob.ar;31;-37.4620922226;-57.717683579;;En la frontera de lo rural y lo urbano.;7174 - 611761 - SEDE
Mar Chiquita;Coronel Vidal;7174;"ESCUELA DE EDUCACIÓN SECUNDARIA AGRARIA Nº1 ""NICANOR EZEYZA""";SEDE;Rural Disperso;607981;Existente;"ESCUELA DE EDUCACIÓN SECUNDARIA AGRARIA Nº1 ""NICANOR EZEYZA""";ESA 1;Pública;Escuela en Tránsito;Ruta 55 km 135,200;Director;María Alicia;Lopez;(02268)15415466;agraria1marchiquita@abc.gob.ar;223;-37.4745880000;-57.777386000;;;7174 - 607981 - SEDE
Mar Chiquita;Calfucura;7174;"ESCUELA DE EDUCACIÓN PRIMARIA Nº17 ""MANUEL BELGRANO""";SEDE;Rural Disperso;605280;Existente;"ESCUELA DE EDUCACIÓN PRIMARIA Nº17 ""MANUEL BELGRANO""";EP 17;Pública;No;Calle vecinal s/ nº;Director;Carolina;Olivera;(02267)15529034;primaria17marchiquita@abc.gob.ar;4;-37.4842199284;-57.436605528;;;7174 - 605280 - SEDE
Mar Chiquita;Coronel Vidal;7174;"ESCUELA DE EDUCACIÓN PRIMARIA Nº16 ""ARTURO Z. PAZ""";SEDE;Rural Disperso;605279;Existente;"ESCUELA DE EDUCACIÓN PRIMARIA Nº16 ""ARTURO Z. PAZ""";EP 16;Pública;Escuela en Tránsito;Estancia Breland , ruta nº 55;Director;Natalia;Dalponte;(0223)154559105;primaria16marchiquita@abc.gob.ar;3;-37.5074126395;-57.996990552;E11;;7174 - 605279 - SEDE
Mar Chiquita;Coronel Vidal;7174;JARDIN DE INFANTES RURAL Nº9;SEDE;Rural Disperso;CI5;Nueva;JARDIN DE INFANTES RURAL Nº9;JIRIMM 9;Pública;No;EP Nº 16 Estancia Breland;MI a/c;Gilda;Arias;(02268)15639509;jardinrural9marchiquita@abc.gob.ar | giarias2@abc.gob.ar;;-37.5074126395;-57.996990552;E11;;7174 - CI5 - SEDE
Mar Chiquita;Coronel Vidal;7174;"ESCUELA DE EDUCACIÓN PRIMARIA Nº13 ""JOSE MENENDEZ""";SEDE;Rural Disperso;605277;Existente;"ESCUELA DE EDUCACIÓN PRIMARIA Nº13 ""JOSE MENENDEZ""";EP 13;Pública;Escuela en Tránsito;Estancia la Tehuelche;Director;Claudia M;Juárez;(02265)15407581;primaria13marchiquita@abc.gob.ar;;-37.5603659571;-57.848790376;E1;;7174 - 605277 - SEDE
Mar Chiquita;La Tehuelche;0;JARDIN DE INFANTES RURAL Nº7;SEDE;Rural Disperso;622890;Existente;JARDIN DE INFANTES RURAL Nº7;JIRIMM 7;Pública;Escuela en Tránsito;Estancia la Tehuelche;MI a/c;Julia;Audicana;(02265)15407024;jardinrural7marchiquita@abc.gob.ar;1;-37.5603659571;-57.848790376;E1;;0 - 622890 - SEDE
Mar Chiquita;Nahuel Ruca;7613;JARDIN DE INFANTES RURAL Nº2;SEDE;Rural Agrupado;620656;Existente;JARDIN DE INFANTES RURAL Nº2;JIRIMM 2;Pública;Escuela en Tránsito;EP Nº 9;MI a/c;Adriana;Damboriana;(02265)15425296;jardinrural2marchiquita@abc.gob.ar;5;-37.5820662845;-57.549008240;E12;En la frontera de lo rural y lo urbano.;7613 - 620656 - SEDE
Mar Chiquita;Nahuel Ruca;7613;"ESCUELA DE EDUCACIÓN PRIMARIA Nº9 ""ALMIRANTE BROWN""";SEDE;Rural Agrupado;605274;Existente;"ESCUELA DE EDUCACIÓN PRIMARIA Nº9 ""ALMIRANTE BROWN""";EP 9;Pública;Escuela en Tránsito;Nahuel Rucá;Director;Mariana;Vallesi;(0223)155176766;primaria9marchiquita@abc.gob.ar;5;-37.5820662845;-57.549008240;E12;Es rural dentro pero en el centro de un paraje;7613 - 605274 - SEDE
Mar Chiquita;Vivorata;7612;"ESCUELA DE EDUCACIÓN PRIMARIA Nº11 ""RICARDO ROJAS""";SEDE;Rural Disperso;605276;Existente;"ESCUELA DE EDUCACIÓN PRIMARIA Nº11 ""RICARDO ROJAS""";EP 11;Pública;Escuela en Tránsito;Ruta 2 km 359;Director;Gabriela;Reinoso;(0223)-154364606;primaria10marchiquita@abc.gob.ar;3;-37.5911482586;-57.688550522;;;7612 - 605276 - SEDE
Mar Chiquita;Nahuel Ruca;7613;JARDIN DE INFANTES RURAL Nº6;SEDE;Rural Disperso;622717;Existente;JARDIN DE INFANTES RURAL Nº6;JIRIMM 6;Pública;Escuela en Tránsito;Camino vecinal , a mts deRN 11, km 475;MI a/c;Cecilia;Becerra;(0223)154494498;jardinrural6marchiquita@abc.gob.ar;10;-37.6609305151;-57.436978111;E13;;7613 - 622717 - SEDE
Mar Chiquita;Nahuel Ruca;7613;"ESCUELA DE EDUCACIÓN PRIMARIA Nº18 ""JUAN MARTIN DE PUEYRREDON""";SEDE;Rural Disperso;602163;Existente;"ESCUELA DE EDUCACIÓN PRIMARIA Nº18 ""JUAN MARTIN DE PUEYRREDON""";EP 18;Pública;No;Camino vecinal , a mts deRN 11, km 476;Director;Laura;Urquiza;(011)1558281545;primaria18marchiquita@abc.gob.ar;11;-37.6609305151;-57.436978111;E13;;7613 - 602163 - SEDE
Mar Chiquita;Vivorata;7612;JARDIN DE INFANTES Nº903;SEDE;Urbano;605269;Existente;JARDIN DE INFANTES Nº903;JI 903;Pública;No;La Posta nº 49;Director;Susana;Aguinaga;(02268)15638586;jardin903marchiquita@abc.gob.ar;68;-37.6655970000;-57.665891000;;;7612 - 605269 - SEDE
Mar Chiquita;Vivorata;7612;Centro Educativo de Nivel Secundario para Adultos N° 451 (Sede Vivoratá);SEDE;Urbano;CI18;Nueva;Centro Educativo de Nivel Secundario para Adultos N° 451 (Sede Vivoratá);CENS 451B;Pública;No;Av. de los Campamentos (Belgrano) 64, Vivorata, Prov;Director;Javier;Guaita Rivero;(0223)156881459;cens451marchiquita@abc.gob.ar;;-37.6657365999;-57.666025731;E17;;7612 - CI18 - SEDE
Mar Chiquita;Vivorata;7612;ESC. SECUNDARIA Nº4;SEDE;Urbano;620474;Existente;ESC. SECUNDARIA Nº4;ES 4;Pública;No;Belgrano 64;Director;Nora;Verneri;(0223)156893281;secundaria4marchiquita@abc.gob.ar;110;-37.6657365999;-57.666025731;E17;;7612 - 620474 - SEDE
Mar Chiquita;Vivorata;7612;"ESCUELA DE EDUCACIÓN PRIMARIA Nº10 ""BERNARDINO RIVADAVIA""";SEDE;Rural Agrupado;605275;Existente;"ESCUELA DE EDUCACIÓN PRIMARIA Nº10 ""BERNARDINO RIVADAVIA""";EP 10;Pública;No;Belgrano 64;Director;Gabriela;Reinoso;(0223)-154364606;primaria10marchiquita@abc.gob.ar;125;-37.6657365999;-57.666025731;E17;En la frontera de lo rural y lo urbano.;7612 - 605275 - SEDE
Mar Chiquita;Vivorata;7612;"ESCUELA DE EDUCACIÓN PRIMARIA Nº20 ""JORGE OSTER""";SEDE;Rural Disperso;607968;Existente;"ESCUELA DE EDUCACIÓN PRIMARIA Nº20 ""JORGE OSTER""";EP 20;Pública;Escuela en Tránsito;Pje. El Espinillo Camino Real s/ nº;Director;Mercedes;Asensio;(02265)15418061;primaria20marchiquita@abc.gob.ar;3;-37.7068040000;-57.539481000;;;7612 - 607968 - SEDE
Mar Chiquita;Mar Chiquita;7109;"ESCUELA DE EDUCACIÓN PRIMARIA Nº12 ""BRIGADIER GENERAL MANUEL HORNOS""";SEDE;Rural Disperso;602162;Existente;"ESCUELA DE EDUCACIÓN PRIMARIA Nº12 ""BRIGADIER GENERAL MANUEL HORNOS""";EP 12;Pública;Escuela en Tránsito;Av. de las Letras y C. Vigil;Director;María Florencia;Capornio;(0223)156329727;primaria12marchiquita@abc.gob.ar;120;-37.7213163247;-57.444718923;E4;;7109 - 602162 - SEDE
Mar Chiquita;Mar Chiquita;7109;ESCUELA DE EDUCACIÓN SECUNDARIA N°7;SEDE;Rural Disperso;CI6;Nueva;ESCUELA DE EDUCACIÓN SECUNDARIA N°7;ES 7;Pública;No;Pasando el peaje, por ruta 11;Director;Marcela ;Sánchez;223-4545965;secundaria7marchiquita@abc.gob.ar;;-37.7213163247;-57.444718923;E4;;7109 - CI6 - SEDE
Mar Chiquita;Mar Chiquita;7109;JARDIN DE INFANTES Nº905;SEDE;Urbano;602161;Existente;JARDIN DE INFANTES Nº905;JI 905;Pública;Escuela en Tránsito;San Martin s/ nº;Director;Mariela Viviana;Finocchio;(02268)15638164;jardin905marchiquita@abc.gob.ar;20;-37.7450765901;-57.426320870;;(Más propuesta inclusión y domiciliaria, hospitalaria);7109 - 602161 - SEDE
Mar Chiquita;Mar de Cobo;7600;"ESCUELA DE EDUCACIÓN PRIMARIA Nº21 ""ESTEBAN ECHEVERRIA""";SEDE;Urbano;602164;Existente;"ESCUELA DE EDUCACIÓN PRIMARIA Nº21 ""ESTEBAN ECHEVERRIA""";EP 21;Pública;No;Av. del Temple s/ nº;Director;Nancy;Andorno;(0223)156017904;primaria21marchiquita@abc.gob.ar;195;-37.7730630000;-57.453491000;;;7600 - 602164 - SEDE
Mar Chiquita;Mar de Cobo;7600;ESC. SECUNDARIA Nº5;SEDE;Urbano;620431;Existente;ESC. SECUNDARIA Nº5;ES 5;Pública;Escuela en Tránsito;Del Temple s/ nº;Director;Daniel;Todarello;(011)1553252498;secundaria5marchiquita@abc.gob.ar;276;-37.7731070000;-57.453123000;;;7600 - 620431 - SEDE
Mar Chiquita;Mar de Cobo;7600;JARDIN DE INFANTES Nº906;SEDE;Urbano;607967;Existente;JARDIN DE INFANTES Nº906;JI 906;Pública;Escuela en Tránsito;Av. Manuel Cobo nº 856;Director;Suarez;Sonia;(0223)153046157;jardin906marchiquita@abc.gob.ar;132;-37.7731830000;-57.453042000;;;7600 - 607967 - SEDE
Mar Chiquita;Mar De Cobo;7600;"ESCUELA DE EDUCACIÓN PRIMARIA Nº2 ""HECTOR COBO""";SEDE;Rural Disperso;605270;Existente;"ESCUELA DE EDUCACIÓN PRIMARIA Nº2 ""HECTOR COBO""";EP 2;Pública;No;Ruta 2 km 383;Director;Valeria;Gondra;(0223)156878631;primaria2marchiquita@abc.gob.ar;101;-37.8042838304;-57.627119598;;;7600 - 605270 - SEDE
Mar Chiquita;Mar de Cobo;7600;ANEXO DE ESCUELA DE EDUCACIÓN SECUNDARIA Nº4;ANEXO;Rural Disperso;620474;Existente;ANEXO DE ESCUELA DE EDUCACIÓN SECUNDARIA Nº4;ANEXO ES 4;Pública;No;Ruta 2 km 383;Director;Nora;Verneri;(0223)156893281;secundaria4marchiquita@abc.gob.ar;;-37.8051506866;-57.627147919;;;7600 - 620474 - ANEXO
Mar Chiquita;Camet Norte;7609;JARDIN DE INFANTES Nº909;SEDE;Urbano;CI4;Nueva;JARDIN DE INFANTES Nº909;JI 909;Pública;Escuela en Tránsito;Peña s/ nº e/ San Martin y Celestino;Director;Tamara;Tévez;(0223)155520083;jardin909marchiquita@abc.gob.ar;90;-37.8205531580;-57.495655472;;;7609 - CI4 - SEDE
Mar Chiquita;Camet Norte;7609;ESCUELA DE EDUCACIÓN PRIMARIA Nº 30;SEDE;Urbano;CI2;Nueva;ESCUELA DE EDUCACIÓN PRIMARIA Nº 30;EP 30;Pública;Escuela en Tránsito;Av. San Martin s/ nº e/ Luis Sáenz Peña;Director;Facundo;Bissio;(011)154139220;primaria30marchiquita@abc.gob.ar;265;-37.8209923086;-57.496253604;;;7609 - CI2 - SEDE
Mar Chiquita;Camet Norte;7609;INSTITUTO DE FORMACIÓN TECNICA N°238;SEDE;Urbano;CI25;Nueva;INSTITUTO DE FORMACIÓN TECNICA N°238;ISFT 238;Pública;;;Director;Leandro;Barone;223-5019099;ISFT238@abc.gob.ar;;-37.8209923086;-57.496253604;;;7609 - CI25 - SEDE
Mar Chiquita;Camet Norte;7609;ESCUELA DE EDUCACIÓN SECUNDARIA TÉCNICA Nº2;SEDE;Urbano;CI26;Nueva;ESCUELA DE EDUCACIÓN SECUNDARIA TÉCNICA Nº2;EST 2;Pública;;;Director;Fernando;Prieto;223-5356898 ;tecnica2marchiquita@abc.gob.ar;;-37.8210536796;-57.49662244;;;7609 - CI26 - SEDE
Mar Chiquita;Camet Norte;7609;ANEXO INSTITUTO SUPERIOR DE FORMACIÓN DOCENTE Nº 63;ANEXO;Urbano;CI3;Nueva;ANEXO INSTITUTO SUPERIOR DE FORMACIÓN DOCENTE Nº 63;ANEXO ISFDyT 63 (EP30);Pública;No;Av. San Martin s/ nº e/ Luis Sáenz Peña;Director;Sebastián;Sanabria;(02265)15419157;isfd63marchiquita@abc.gob.ar;;-37.8210982531;-57.496081165;;;7609 - CI3 - ANEXO
Mar Chiquita;Santa Clara del Mar;7309;"ESCUELA DE EDUCACIÓN PRIMARIA Nº8 ""MARTIN MIGUEL DE GÜEMES""";SEDE;Urbano;602185;Existente;"ESCUELA DE EDUCACIÓN PRIMARIA Nº8 ""MARTIN MIGUEL DE GÜEMES""";EP 8;Pública;Escuela en Tránsito;La Florida 1080;Director;Sofía;Flores;(0223)155575957;primaria8marchiquita@abc.gob.ar;645;-37.8292860000;-57.514901000;;;7309 - 602185 - SEDE
Mar Chiquita;Santa Clara del Mar;7309;ESCUELA ESPECIAL Nº503;SEDE;Urbano;620841;Existente;ESCUELA ESPECIAL Nº503;EE 503;Pública;Escuela en Tránsito;San Francisco nº 625;Director;Evangelina;Sánchez;(0223)5289827;especial503marchiquita@abc.gob.ar;60;-37.8322560000;-57.507603000;;Matricula: En sede 60 (Más propuesta inclusión y domiciliaria, hospitalaria);7309 - 620841 - SEDE
Mar Chiquita;Santa Clara del Mar;7309;JARDIN DE INFANTES Nº904;SEDE;Urbano;607966;Existente;JARDIN DE INFANTES Nº904;JI 904;Pública;No;Cardiff nº 567;Director;Sonia;Suarez;(0223)153046157;jardin904marchiquita@abc.gob.ar;285;-37.8338040000;-57.507686000;;;7309 - 607966 - SEDE
Mar Chiquita;Santa Clara del Mar;7309;ESCUELA PRIMARIA DE ADULTOS Nº 704;SEDE;Urbano;CI16;Nueva;ESCUELA PRIMARIA DE ADULTOS Nº 704;EEPA 704;Pública;Escuela en Tránsito;Punta Lara 490;"MC a 
cargo";Patricia;Soler;(0223)156348030;psoler4@abc.gob.ar;6;-37.8358579141;-57.507220986;;;7309 - CI16 - SEDE
Mar Chiquita;Santa Clara del Mar;7309;ESCUELA DE EDUCACIÓN SECUNDARIA Nº1;SEDE;Urbano;607979;Existente;ESCUELA DE EDUCACIÓN SECUNDARIA Nº1;ES 1;Pública;No;Bca. Los Lobos nº 475;Director;Marcela;Torrisi;(0223)155837123;secundaria1marchiquita@abc.gob.ar;703;-37.8361080000;-57.507104000;;;7309 - 607979 - SEDE
Mar Chiquita;Santa Elena;7609;ANEXO DE ESCUELA DE EDUCACIÓN SECUNDARIA Nº1;ANEXO;Urbano;607979;Existente;ANEXO DE ESCUELA DE EDUCACIÓN SECUNDARIA Nº1;ANEXO ES 1;Pública;No;Almagro y Colón;Director;Marcela;Torrisi;(0223)155837123;secundaria1marchiquita@abc.gob.ar;165;-37.8639711370;-57.517610737;;;7609 - 607979 - ANEXO
Mar Chiquita;Santa Elena;7609;ESCUELA DE EDUCACIÓN SECUNDARIA Nº6;SEDE;Urbano;CI27;Nueva;ESCUELA DE EDUCACIÓN SECUNDARIA Nº6;ES 6;Pública;No;Almagro y Colón;Director;María Etel;Yañez;0223-4693464 | 223-4230414;secundaria6marchiquita@abc.gob.ar;;-37.8639711370;-57.517610737;;;7609 - CI27 - SEDE
Mar Chiquita;Santa Elena;7609;JARDIN DE INFANTES Nº908;SEDE;Urbano;619031;Existente;JARDIN DE INFANTES Nº908;JI 908;Pública;No;Almagro y Colón;Director;Patricia;Romano;(0223)155777897;jardin908marchiquita@abc.gob.ar;150;-37.8640800000;-57.518263000;;;7609 - 619031 - SEDE
Mar Chiquita;Santa Clara del Mar;7309;ANEXO CENTRO DE FORMACIÓN LABORAL Nº 401;ANEXO;Urbano;CI8;Nueva;ANEXO CENTRO DE FORMACIÓN LABORAL Nº 401;ANEXO CFL 401;Pública;Escuela en Tránsito;Barranca de los Lobos 445;Director;Arturo;López;(0223)155054308;cfl401marchiquita@abc.gob.ar;171;-37.8641170000;-57.518157000;;;7309 - CI8 - ANEXO
Mar Chiquita;Santa Elena;7609;ESCUELA DE EDUCACIÓN PRIMARIA Nº29;SEDE;Urbano;614752;Existente;ESCUELA DE EDUCACIÓN PRIMARIA Nº29;EP 29;Pública;Escuela en Tránsito;Almagro 272;Director;Claudia;Godoy;(0223)155247684;primaria29marchiquita@abc.gob.ar;201;-37.8642858520;-57.517617485;;;7609 - 614752 - SEDE
